Name,Team,Number,Position,Age,Height,Weight,College,Salary,TF,Rank
Avery Bradley,Boston Celtics,0.0,PG,25.0,6-2,180.0,Texas,7730337.0,True,350.0
Jae Crowder,Boston Celtics,99.0,SF,25.0,6-6,200.0,Marquette,6796117.0,True,337.0
John Holland,Boston Celtics,30.0,SG,27.0,6-5,200.0,Boston University,,True,
R.J. Hunter,Boston Celtics,28.0,SG,22.0,6-5,185.0,Georgia State,1148640.0,True,125.0
Jonas Jerebko,Boston Celtics,8.0,PF,29.0,6-10,200.0,,5000000.0,True,300.0
Amir Johnson,Boston Celtics,90.0,PF,29.0,6-9,200.0,,12000000.0,True,390.0
Jordan Mickey,Boston Celtics,55.0,PF,21.0,6-8,200.0,LSU,1170960.0,True,131.0
Kelly Olynyk,Boston Celtics,41.0,C,25.0,7-0,200.0,Gonzaga,2165160.0,True,194.0
Terry Rozier,Boston Celtics,12.0,PG,22.0,6-2,190.0,Louisville,1824360.0,True,175.0
Marcus Smart,Boston Celtics,36.0,PG,22.0,6-4,200.0,Oklahoma State,3431040.0,True,257.0
Jared Sullinger,Boston Celtics,7.0,C,24.0,6-9,200.0,Ohio State,2569260.0,True,214.0
Isaiah Thomas,Boston Celtics,4.0,PG,27.0,5-9,185.0,Washington,6912869.0,True,338.0
Evan Turner,Boston Celtics,11.0,SG,27.0,6-7,200.0,Ohio State,3425510.0,True,255.5
James Young,Boston Celtics,13.0,SG,20.0,6-6,200.0,Kentucky,1749840.0,True,173.0
Tyler Zeller,Boston Celtics,44.0,C,26.0,7-0,200.0,North Carolina,2616975.0,True,216.0
Bojan Bogdanovic,Brooklyn Nets,44.0,SG,27.0,6-8,200.0,,3425510.0,False,255.5
Markel Brown,Brooklyn Nets,22.0,SG,24.0,6-3,190.0,Oklahoma State,845059.0,False,53.5
Wayne Ellington,Brooklyn Nets,21.0,SG,28.0,6-4,200.0,North Carolina,1500000.0,False,158.5
Rondae Hollis-Jefferson,Brooklyn Nets,24.0,SG,21.0,6-7,200.0,Arizona,1335480.0,False,147.0
Jarrett Jack,Brooklyn Nets,2.0,PG,32.0,6-3,200.0,Georgia Tech,6300000.0,False,331.0
Sergey Karasev,Brooklyn Nets,10.0,SG,22.0,6-7,200.0,,1599840.0,False,165.0
Sean Kilpatrick,Brooklyn Nets,6.0,SG,26.0,6-4,200.0,Cincinnati,134215.0,False,8.0
Shane Larkin,Brooklyn Nets,0.0,PG,23.0,5-11,175.0,Miami (FL),1500000.0,False,158.5
Brook Lopez,Brooklyn Nets,11.0,C,28.0,7-0,200.0,Stanford,19689000.0,False,435.5
Chris McCullough,Brooklyn Nets,1.0,PF,21.0,6-11,200.0,Syracuse,1140240.0,False,121.5
Willie Reed,Brooklyn Nets,33.0,PF,26.0,6-10,200.0,Saint Louis,947276.0,False,80.0
Thomas Robinson,Brooklyn Nets,41.0,PF,25.0,6-10,200.0,Kansas,981348.0,False,99.5
Henry Sims,Brooklyn Nets,14.0,C,26.0,6-10,200.0,Georgetown,947276.0,False,80.0
Donald Sloan,Brooklyn Nets,15.0,PG,28.0,6-3,200.0,Texas A&M,947276.0,False,80.0
Thaddeus Young,Brooklyn Nets,30.0,PF,27.0,6-8,200.0,Georgia Tech,11235955.0,False,383.5
Arron Afflalo,New York Knicks,4.0,SG,30.0,6-5,200.0,UCLA,8000000.0,False,354.0
Lou Amundson,New York Knicks,17.0,PF,33.0,6-9,200.0,UNLV,1635476.0,False,166.0
Thanasis Antetokounmpo,New York Knicks,43.0,SF,23.0,6-7,200.0,,30888.0,False,1.0
Carmelo Anthony,New York Knicks,7.0,SF,32.0,6-8,200.0,Syracuse,22875000.0,False,444.0
Jose Calderon,New York Knicks,3.0,PG,34.0,6-3,200.0,,7402812.0,False,346.0
Cleanthony Early,New York Knicks,11.0,SF,25.0,6-8,200.0,Wichita State,845059.0,False,53.5
Langston Galloway,New York Knicks,2.0,SG,24.0,6-2,200.0,Saint Joseph's,845059.0,False,53.5
Jerian Grant,New York Knicks,13.0,PG,23.0,6-4,195.0,Notre Dame,1572360.0,False,163.0
Robin Lopez,New York Knicks,8.0,C,28.0,7-0,200.0,Stanford,12650000.0,False,396.0
Kyle O'Quinn,New York Knicks,9.0,PF,26.0,6-10,200.0,Norfolk State,3750000.0,False,264.5
Kristaps Porzingis,New York Knicks,6.0,PF,20.0,7-3,200.0,,4131720.0,False,280.0
Kevin Seraphin,New York Knicks,1.0,C,26.0,6-10,200.0,,2814000.0,False,220.5
Lance Thomas,New York Knicks,42.0,SF,28.0,6-8,200.0,Duke,1636842.0,False,167.0
Sasha Vujacic,New York Knicks,18.0,SG,32.0,6-7,195.0,,947276.0,False,80.0
Derrick Williams,New York Knicks,23.0,PF,25.0,6-8,200.0,Arizona,4000000.0,False,274.0
Tony Wroten,New York Knicks,5.0,SG,23.0,6-6,200.0,Washington,167406.0,False,9.0
Elton Brand,Philadelphia 76ers,42.0,PF,37.0,6-9,200.0,Duke,,False,
Isaiah Canaan,Philadelphia 76ers,0.0,PG,25.0,6-0,200.0,Murray State,947276.0,False,80.0
Robert Covington,Philadelphia 76ers,33.0,SF,25.0,6-9,200.0,Tennessee State,1000000.0,False,104.5
Joel Embiid,Philadelphia 76ers,21.0,C,22.0,7-0,200.0,Kansas,4626960.0,False,293.0
Jerami Grant,Philadelphia 76ers,39.0,SF,22.0,6-8,200.0,Syracuse,845059.0,False,53.5
Richaun Holmes,Philadelphia 76ers,22.0,PF,22.0,6-10,200.0,Bowling Green,1074169.0,False,113.0
Carl Landry,Philadelphia 76ers,7.0,PF,32.0,6-9,200.0,Purdue,6500000.0,False,334.5
Kendall Marshall,Philadelphia 76ers,5.0,PG,24.0,6-4,200.0,North Carolina,2144772.0,False,192.0
T.J. McConnell,Philadelphia 76ers,12.0,PG,24.0,6-2,200.0,Arizona,525093.0,False,32.0
Nerlens Noel,Philadelphia 76ers,4.0,PF,22.0,6-11,200.0,Kentucky,3457800.0,False,258.0
Jahlil Okafor,Philadelphia 76ers,8.0,C,20.0,6-11,200.0,Duke,4582680.0,False,292.0
Ish Smith,Philadelphia 76ers,1.0,PG,27.0,6-0,175.0,Wake Forest,947276.0,False,80.0
Nik Stauskas,Philadelphia 76ers,11.0,SG,22.0,6-6,200.0,Michigan,2869440.0,False,229.0
Hollis Thompson,Philadelphia 76ers,31.0,SG,25.0,6-8,200.0,Georgetown,947276.0,False,80.0
Christian Wood,Philadelphia 76ers,35.0,PF,20.0,6-11,200.0,UNLV,525093.0,False,32.0
Bismack Biyombo,Toronto Raptors,8.0,C,23.0,6-9,200.0,,2814000.0,False,220.5
Bruno Caboclo,Toronto Raptors,20.0,SF,20.0,6-9,200.0,,1524000.0,False,161.0
DeMarre Carroll,Toronto Raptors,5.0,SF,29.0,6-8,200.0,Missouri,13600000.0,False,406.0
DeMar DeRozan,Toronto Raptors,10.0,SG,26.0,6-7,200.0,USC,10050000.0,False,376.0
James Johnson,Toronto Raptors,3.0,PF,29.0,6-9,200.0,Wake Forest,2500000.0,False,210.0
Cory Joseph,Toronto Raptors,6.0,PG,24.0,6-3,190.0,Texas,7000000.0,False,341.5
Kyle Lowry,Toronto Raptors,7.0,PG,30.0,6-0,200.0,Villanova,12000000.0,False,390.0
Lucas Nogueira,Toronto Raptors,92.0,C,23.0,7-0,200.0,,1842000.0,False,176.5
Patrick Patterson,Toronto Raptors,54.0,PF,27.0,6-9,200.0,Kentucky,6268675.0,False,329.0
Norman Powell,Toronto Raptors,24.0,SG,23.0,6-4,200.0,UCLA,650000.0,False,42.0
Terrence Ross,Toronto Raptors,31.0,SF,25.0,6-7,195.0,Washington,3553917.0,False,261.0
Luis Scola,Toronto Raptors,4.0,PF,36.0,6-9,200.0,,2900000.0,False,232.5
Jason Thompson,Toronto Raptors,1.0,PF,29.0,6-11,200.0,Rider,245177.0,False,18.0
Jonas Valanciunas,Toronto Raptors,17.0,C,24.0,7-0,200.0,,4660482.0,False,294.0
Delon Wright,Toronto Raptors,55.0,PG,24.0,6-5,190.0,Utah,1509360.0,False,160.0
Leandro Barbosa,Golden State Warriors,19.0,SG,33.0,6-3,194.0,,2500000.0,False,210.0
Harrison Barnes,Golden State Warriors,40.0,SF,24.0,6-8,200.0,North Carolina,3873398.0,False,269.0
Andrew Bogut,Golden State Warriors,12.0,C,31.0,7-0,200.0,Utah,13800000.0,False,407.0
Ian Clark,Golden State Warriors,21.0,SG,25.0,6-3,175.0,Belmont,947276.0,False,80.0
Stephen Curry,Golden State Warriors,30.0,PG,28.0,6-3,190.0,Davidson,11370786.0,False,386.0
Festus Ezeli,Golden State Warriors,31.0,C,26.0,6-11,200.0,Vanderbilt,2008748.0,False,182.0
Draymond Green,Golden State Warriors,23.0,PF,26.0,6-7,200.0,Michigan State,14260870.0,False,410.5
Andre Iguodala,Golden State Warriors,9.0,SF,32.0,6-6,200.0,Arizona,11710456.0,False,387.0
Shaun Livingston,Golden State Warriors,34.0,PG,30.0,6-7,192.0,,5543725.0,False,318.0
Kevon Looney,Golden State Warriors,36.0,SF,20.0,6-9,200.0,UCLA,1131960.0,False,120.0
James Michael McAdoo,Golden State Warriors,20.0,SF,23.0,6-9,200.0,North Carolina,845059.0,False,53.5
Brandon Rush,Golden State Warriors,4.0,SF,30.0,6-6,200.0,Kansas,1270964.0,False,139.5
Marreese Speights,Golden State Warriors,5.0,C,28.0,6-10,200.0,Florida,3815000.0,False,268.0
Klay Thompson,Golden State Warriors,11.0,SG,26.0,6-7,200.0,Washington State,15501000.0,False,416.0
Anderson Varejao,Golden State Warriors,18.0,PF,33.0,6-11,200.0,,289755.0,False,23.0
Cole Aldrich,Los Angeles Clippers,45.0,C,27.0,6-11,200.0,Kansas,1100602.0,False,117.0
Jeff Ayres,Los Angeles Clippers,19.0,PF,29.0,6-9,200.0,Arizona State,111444.0,False,6.5
Jamal Crawford,Los Angeles Clippers,11.0,SG,36.0,6-5,195.0,Michigan,5675000.0,False,320.5
Branden Dawson,Los Angeles Clippers,22.0,SF,23.0,6-6,200.0,Michigan State,525093.0,False,32.0
Jeff Green,Los Angeles Clippers,8.0,SF,29.0,6-9,200.0,Georgetown,9650000.0,False,373.0
Blake Griffin,Los Angeles Clippers,32.0,PF,27.0,6-10,200.0,Oklahoma,18907726.0,False,432.0
Wesley Johnson,Los Angeles Clippers,33.0,SF,28.0,6-7,200.0,Syracuse,1100602.0,False,117.0
DeAndre Jordan,Los Angeles Clippers,6.0,C,27.0,6-11,200.0,Texas A&M,19689000.0,False,435.5
Luc Richard Mbah a Moute,Los Angeles Clippers,12.0,PF,29.0,6-8,200.0,UCLA,947276.0,False,80.0
Chris Paul,Los Angeles Clippers,3.0,PG,31.0,6-0,175.0,Wake Forest,21468695.0,False,441.0
Paul Pierce,Los Angeles Clippers,34.0,SF,38.0,6-7,200.0,Kansas,3376000.0,False,252.0
Pablo Prigioni,Los Angeles Clippers,9.0,PG,39.0,6-3,185.0,,947726.0,False,96.0
JJ Redick,Los Angeles Clippers,4.0,SG,31.0,6-4,190.0,Duke,7085000.0,False,345.0
Austin Rivers,Los Angeles Clippers,25.0,PG,23.0,6-4,200.0,Duke,3110796.0,False,243.0
C.J. Wilcox,Los Angeles Clippers,30.0,SG,25.0,6-5,195.0,Washington,1159680.0,False,128.0
Brandon Bass,Los Angeles Lakers,2.0,PF,31.0,6-8,200.0,LSU,3000000.0,False,236.5
Tarik Black,Los Angeles Lakers,28.0,C,24.0,6-9,200.0,Kansas,845059.0,False,53.5
Anthony Brown,Los Angeles Lakers,3.0,SF,23.0,6-7,200.0,Stanford,700000.0,False,43.0
Kobe Bryant,Los Angeles Lakers,24.0,SF,37.0,6-6,200.0,,25000000.0,False,446.0
Jordan Clarkson,Los Angeles Lakers,6.0,PG,24.0,6-5,194.0,Missouri,845059.0,False,53.5
Roy Hibbert,Los Angeles Lakers,17.0,C,29.0,7-2,200.0,Georgetown,15592217.0,False,418.0
Marcelo Huertas,Los Angeles Lakers,9.0,PG,33.0,6-3,200.0,,525093.0,False,32.0
Ryan Kelly,Los Angeles Lakers,4.0,PF,25.0,6-11,200.0,Duke,1724250.0,False,171.0
Larry Nance Jr.,Los Angeles Lakers,7.0,PF,23.0,6-9,200.0,Wyoming,1155600.0,False,127.0
Julius Randle,Los Angeles Lakers,30.0,PF,21.0,6-9,200.0,Kentucky,3132240.0,False,244.0
D'Angelo Russell,Los Angeles Lakers,1.0,PG,20.0,6-5,195.0,Ohio State,5103120.0,False,305.0
Robert Sacre,Los Angeles Lakers,50.0,C,27.0,7-0,200.0,Gonzaga,981348.0,False,99.5
Louis Williams,Los Angeles Lakers,23.0,SG,29.0,6-1,175.0,,7000000.0,False,341.5
Metta World Peace,Los Angeles Lakers,37.0,SF,36.0,6-7,200.0,St. John's,947276.0,False,80.0
Nick Young,Los Angeles Lakers,0.0,SF,31.0,6-7,200.0,USC,5219169.0,False,311.0
Eric Bledsoe,Phoenix Suns,2.0,PG,26.0,6-1,190.0,Kentucky,13500000.0,False,404.0
Devin Booker,Phoenix Suns,1.0,SG,19.0,6-6,200.0,Kentucky,2127840.0,False,190.0
Chase Budinger,Phoenix Suns,10.0,SF,28.0,6-7,200.0,Arizona,206192.0,False,15.0
Tyson Chandler,Phoenix Suns,4.0,C,33.0,7-1,200.0,,13000000.0,False,398.5
Archie Goodwin,Phoenix Suns,20.0,SG,21.0,6-5,200.0,Kentucky,1160160.0,False,129.0
John Jenkins,Phoenix Suns,23.0,SG,25.0,6-4,200.0,Vanderbilt,981348.0,False,99.5
Brandon Knight,Phoenix Suns,3.0,PG,24.0,6-3,189.0,Kentucky,13500000.0,False,404.0
Alex Len,Phoenix Suns,21.0,C,22.0,7-1,200.0,Maryland,3807120.0,False,267.0
Jon Leuer,Phoenix Suns,30.0,PF,27.0,6-10,200.0,Wisconsin,1035000.0,False,112.0
Phil Pressey,Phoenix Suns,25.0,PG,25.0,5-11,175.0,Missouri,55722.0,False,2.5
Ronnie Price,Phoenix Suns,14.0,PG,32.0,6-2,190.0,Utah Valley,947276.0,False,80.0
Mirza Teletovic,Phoenix Suns,35.0,PF,30.0,6-9,200.0,,5500000.0,False,315.5
P.J. Tucker,Phoenix Suns,17.0,SF,31.0,6-6,200.0,Texas,5500000.0,False,315.5
T.J. Warren,Phoenix Suns,12.0,SF,22.0,6-8,200.0,North Carolina State,2041080.0,False,184.0
Alan Williams,Phoenix Suns,15.0,C,23.0,6-8,200.0,UC Santa Barbara,83397.0,False,4.0
Quincy Acy,Sacramento Kings,13.0,SF,25.0,6-7,200.0,Baylor,981348.0,False,99.5
James Anderson,Sacramento Kings,5.0,SG,27.0,6-6,200.0,Oklahoma State,1015421.0,False,110.0
Marco Belinelli,Sacramento Kings,3.0,SG,30.0,6-5,200.0,,6060606.0,False,327.0
Caron Butler,Sacramento Kings,31.0,SF,36.0,6-7,200.0,Connecticut,1449187.0,False,154.0
Omri Casspi,Sacramento Kings,18.0,SF,27.0,6-9,200.0,,2836186.0,False,223.0
Willie Cauley-Stein,Sacramento Kings,0.0,C,22.0,7-0,200.0,Kentucky,3398280.0,False,254.0
Darren Collison,Sacramento Kings,7.0,PG,28.0,6-0,175.0,UCLA,5013559.0,False,303.0
DeMarcus Cousins,Sacramento Kings,15.0,C,25.0,6-11,200.0,Kentucky,15851950.0,False,420.5
Seth Curry,Sacramento Kings,30.0,SG,25.0,6-2,185.0,Duke,947276.0,False,80.0
Duje Dukan,Sacramento Kings,26.0,PF,24.0,6-9,200.0,Wisconsin,525093.0,False,32.0
Rudy Gay,Sacramento Kings,8.0,SF,29.0,6-8,200.0,Connecticut,12403101.0,False,395.0
Kosta Koufos,Sacramento Kings,41.0,C,27.0,7-0,200.0,Ohio State,7700000.0,False,349.0
Ben McLemore,Sacramento Kings,23.0,SG,23.0,6-5,195.0,Kansas,3156600.0,False,246.0
Eric Moreland,Sacramento Kings,25.0,PF,24.0,6-10,200.0,Oregon State,845059.0,False,53.5
Rajon Rondo,Sacramento Kings,9.0,PG,30.0,6-1,186.0,Kentucky,9500000.0,False,370.0
Cameron Bairstow,Chicago Bulls,41.0,PF,25.0,6-9,200.0,New Mexico,845059.0,False,53.5
Aaron Brooks,Chicago Bulls,0.0,PG,31.0,6-0,161.0,Oregon,2250000.0,False,198.0
Jimmy Butler,Chicago Bulls,21.0,SG,26.0,6-7,200.0,Marquette,16407500.0,False,425.0
Mike Dunleavy,Chicago Bulls,34.0,SG,35.0,6-9,200.0,Duke,4500000.0,False,290.5
Cristiano Felicio,Chicago Bulls,6.0,PF,23.0,6-10,200.0,,525093.0,False,32.0
Pau Gasol,Chicago Bulls,16.0,C,35.0,7-0,200.0,,7448760.0,False,347.0
Taj Gibson,Chicago Bulls,22.0,PF,30.0,6-9,200.0,USC,8500000.0,False,364.0
Justin Holiday,Chicago Bulls,7.0,SG,27.0,6-6,185.0,Washington,947276.0,False,80.0
Doug McDermott,Chicago Bulls,3.0,SF,24.0,6-8,200.0,Creighton,2380440.0,False,203.0
Nikola Mirotic,Chicago Bulls,44.0,PF,25.0,6-10,200.0,,5543725.0,False,318.0
E'Twaun Moore,Chicago Bulls,55.0,SG,27.0,6-4,191.0,Purdue,1015421.0,False,110.0
Joakim Noah,Chicago Bulls,13.0,C,31.0,6-11,200.0,Florida,13400000.0,False,401.0
Bobby Portis,Chicago Bulls,5.0,PF,21.0,6-11,200.0,Arkansas,1391160.0,False,150.0
Derrick Rose,Chicago Bulls,1.0,PG,27.0,6-3,190.0,Memphis,20093064.0,False,439.0
Tony Snell,Chicago Bulls,20.0,SF,24.0,6-7,200.0,New Mexico,1535880.0,False,162.0
Matthew Dellavedova,Cleveland Cavaliers,8.0,PG,25.0,6-4,198.0,Saint Mary's,1147276.0,False,124.0
Channing Frye,Cleveland Cavaliers,9.0,PF,33.0,6-11,200.0,Arizona,8193029.0,False,358.0
Kyrie Irving,Cleveland Cavaliers,2.0,PG,24.0,6-3,193.0,Duke,16407501.0,False,428.0
LeBron James,Cleveland Cavaliers,23.0,SF,31.0,6-8,200.0,,22970500.0,False,445.0
Richard Jefferson,Cleveland Cavaliers,24.0,SF,35.0,6-7,200.0,Arizona,947276.0,False,80.0
Dahntay Jones,Cleveland Cavaliers,30.0,SG,35.0,6-6,200.0,Duke,,False,
James Jones,Cleveland Cavaliers,1.0,SG,35.0,6-8,200.0,Miami (FL),947276.0,False,80.0
Sasha Kaun,Cleveland Cavaliers,14.0,C,31.0,6-11,200.0,Kansas,1276000.0,False,141.0
Kevin Love,Cleveland Cavaliers,0.0,PF,27.0,6-10,200.0,UCLA,19689000.0,False,435.5
Jordan McRae,Cleveland Cavaliers,12.0,SG,25.0,6-5,179.0,Tennessee,111196.0,False,5.0
Timofey Mozgov,Cleveland Cavaliers,20.0,C,29.0,7-1,200.0,,4950000.0,False,297.0
Iman Shumpert,Cleveland Cavaliers,4.0,SG,25.0,6-5,200.0,Georgia Tech,8988765.0,False,366.0
J.R. Smith,Cleveland Cavaliers,5.0,SG,30.0,6-6,200.0,,5000000.0,False,300.0
Tristan Thompson,Cleveland Cavaliers,13.0,C,25.0,6-9,200.0,Texas,14260870.0,False,410.5
Mo Williams,Cleveland Cavaliers,52.0,PG,33.0,6-1,198.0,Alabama,2100000.0,False,188.0
Joel Anthony,Detroit Pistons,50.0,C,33.0,6-9,200.0,UNLV,2500000.0,False,210.0
Aron Baynes,Detroit Pistons,12.0,C,29.0,6-10,200.0,Washington State,6500000.0,False,334.5
Steve Blake,Detroit Pistons,22.0,PG,36.0,6-3,172.0,Maryland,2170465.0,False,195.5
Lorenzo Brown,Detroit Pistons,17.0,PG,25.0,6-5,189.0,North Carolina State,111444.0,False,6.5
Reggie Bullock,Detroit Pistons,25.0,SF,25.0,6-7,200.0,North Carolina,1252440.0,False,138.0
Kentavious Caldwell-Pope,Detroit Pistons,5.0,SG,23.0,6-5,200.0,Georgia,2891760.0,False,230.0
Spencer Dinwiddie,Detroit Pistons,8.0,PG,23.0,6-6,200.0,Colorado,845059.0,False,53.5
Andre Drummond,Detroit Pistons,0.0,C,22.0,6-11,200.0,Connecticut,3272091.0,False,248.0
Tobias Harris,Detroit Pistons,34.0,SF,23.0,6-9,200.0,Tennessee,16000000.0,False,422.0
Darrun Hilliard,Detroit Pistons,6.0,SF,23.0,6-6,200.0,Villanova,600000.0,False,40.0
Reggie Jackson,Detroit Pistons,1.0,PG,26.0,6-3,200.0,Boston College,13913044.0,False,408.0
Stanley Johnson,Detroit Pistons,3.0,SF,20.0,6-7,200.0,Arizona,2841960.0,False,224.0
Jodie Meeks,Detroit Pistons,20.0,SG,28.0,6-4,200.0,Kentucky,6270000.0,False,330.0
Marcus Morris,Detroit Pistons,13.0,PF,26.0,6-9,200.0,Kansas,5000000.0,False,300.0
Anthony Tolliver,Detroit Pistons,43.0,PF,31.0,6-8,200.0,Creighton,3000000.0,False,236.5
Lavoy Allen,Indiana Pacers,5.0,PF,27.0,6-9,200.0,Temple,4050000.0,False,277.0
Rakeem Christmas,Indiana Pacers,25.0,PF,24.0,6-9,200.0,Syracuse,1007026.0,False,107.5
Monta Ellis,Indiana Pacers,11.0,SG,30.0,6-3,185.0,,10300000.0,False,378.0
Paul George,Indiana Pacers,13.0,SF,26.0,6-9,200.0,Fresno State,17120106.0,False,430.0
George Hill,Indiana Pacers,3.0,PG,30.0,6-3,188.0,IUPUI,8000000.0,False,354.0
Jordan Hill,Indiana Pacers,27.0,C,28.0,6-10,200.0,Arizona,4000000.0,False,274.0
Solomon Hill,Indiana Pacers,44.0,SF,25.0,6-7,200.0,Arizona,1358880.0,False,149.0
Ty Lawson,Indiana Pacers,10.0,PG,28.0,5-11,195.0,North Carolina,211744.0,False,16.0
Ian Mahinmi,Indiana Pacers,28.0,C,29.0,6-11,200.0,,4000000.0,False,274.0
C.J. Miles,Indiana Pacers,0.0,SF,29.0,6-6,200.0,,4394225.0,False,289.0
Glenn Robinson III,Indiana Pacers,40.0,SG,22.0,6-7,200.0,Michigan,1100000.0,False,114.0
Rodney Stuckey,Indiana Pacers,2.0,PG,30.0,6-5,200.0,Eastern Washington,7000000.0,False,341.5
Myles Turner,Indiana Pacers,33.0,PF,20.0,6-11,200.0,Texas,2357760.0,False,202.0
Shayne Whittington,Indiana Pacers,42.0,PF,25.0,6-11,200.0,Western Michigan,845059.0,False,53.5
Joe Young,Indiana Pacers,1.0,PG,23.0,6-2,180.0,Oregon,1007026.0,False,107.5
Giannis Antetokounmpo,Milwaukee Bucks,34.0,SF,21.0,6-11,200.0,,1953960.0,False,180.0
Jerryd Bayless,Milwaukee Bucks,19.0,PG,27.0,6-3,200.0,Arizona,3000000.0,False,236.5
Michael Carter-Williams,Milwaukee Bucks,5.0,PG,24.0,6-6,190.0,Syracuse,2399040.0,False,205.0
Jared Cunningham,Milwaukee Bucks,9.0,SG,25.0,6-4,195.0,Oregon State,947276.0,False,80.0
Tyler Ennis,Milwaukee Bucks,11.0,PG,21.0,6-3,194.0,Syracuse,1662360.0,False,169.0
John Henson,Milwaukee Bucks,31.0,PF,25.0,6-11,200.0,North Carolina,2943221.0,False,234.0
Damien Inglis,Milwaukee Bucks,17.0,SF,21.0,6-8,200.0,,855000.0,False,63.0
O.J. Mayo,Milwaukee Bucks,3.0,SG,28.0,6-5,200.0,USC,8000000.0,False,354.0
Khris Middleton,Milwaukee Bucks,22.0,SG,24.0,6-8,200.0,Texas A&M,14700000.0,False,412.0
Greg Monroe,Milwaukee Bucks,15.0,C,26.0,6-11,200.0,Georgetown,16407500.0,False,425.0
Steve Novak,Milwaukee Bucks,6.0,SF,32.0,6-10,200.0,Marquette,295327.0,False,24.0
Johnny O'Bryant III,Milwaukee Bucks,77.0,PF,23.0,6-9,200.0,LSU,845059.0,False,53.5
Jabari Parker,Milwaukee Bucks,12.0,PF,21.0,6-8,200.0,Duke,5152440.0,False,307.0
Miles Plumlee,Milwaukee Bucks,18.0,C,27.0,6-11,200.0,Duke,2109294.0,False,189.0
Greivis Vasquez,Milwaukee Bucks,21.0,PG,29.0,6-6,200.0,Maryland,6600000.0,False,336.0
Rashad Vaughn,Milwaukee Bucks,20.0,SG,19.0,6-6,200.0,UNLV,1733040.0,False,172.0
Justin Anderson,Dallas Mavericks,1.0,SG,22.0,6-6,200.0,Virginia,1449000.0,False,153.0
J.J. Barea,Dallas Mavericks,5.0,PG,31.0,6-0,185.0,Northeastern,4290000.0,False,284.0
Jeremy Evans,Dallas Mavericks,21.0,SF,28.0,6-9,200.0,Western Kentucky,1100602.0,False,117.0
Raymond Felton,Dallas Mavericks,2.0,PG,31.0,6-1,200.0,North Carolina,3950313.0,False,271.0
Devin Harris,Dallas Mavericks,34.0,PG,33.0,6-3,185.0,Wisconsin,4053446.0,False,278.0
David Lee,Dallas Mavericks,42.0,PF,33.0,6-9,200.0,Florida,2085671.0,False,187.0
Wesley Matthews,Dallas Mavericks,23.0,SG,29.0,6-5,200.0,Marquette,16407500.0,False,425.0
JaVale McGee,Dallas Mavericks,11.0,C,28.0,7-0,200.0,Nevada,1270964.0,False,139.5
Salah Mejri,Dallas Mavericks,50.0,C,29.0,7-2,200.0,,525093.0,False,32.0
Dirk Nowitzki,Dallas Mavericks,41.0,PF,37.0,7-0,200.0,,8333334.0,False,361.0
Zaza Pachulia,Dallas Mavericks,27.0,C,32.0,6-11,200.0,,5200000.0,False,310.0
Chandler Parsons,Dallas Mavericks,25.0,SF,27.0,6-10,200.0,Florida,15361500.0,False,414.0
Dwight Powell,Dallas Mavericks,7.0,PF,24.0,6-11,200.0,Stanford,845059.0,False,53.5
Charlie Villanueva,Dallas Mavericks,3.0,PF,31.0,6-11,200.0,Connecticut,947276.0,False,80.0
Deron Williams,Dallas Mavericks,8.0,PG,31.0,6-3,200.0,Illinois,5378974.0,False,313.0
Trevor Ariza,Houston Rockets,1.0,SF,30.0,6-8,200.0,UCLA,8193030.0,False,359.0
Michael Beasley,Houston Rockets,8.0,SF,27.0,6-10,200.0,Kansas State,306527.0,False,25.0
Patrick Beverley,Houston Rockets,2.0,PG,27.0,6-1,185.0,Arkansas,6486486.0,False,333.0
Corey Brewer,Houston Rockets,33.0,SG,30.0,6-9,186.0,Florida,8229375.0,False,360.0
Clint Capela,Houston Rockets,15.0,PF,22.0,6-10,200.0,,1242720.0,False,137.0
Sam Dekker,Houston Rockets,7.0,SF,22.0,6-9,200.0,Wisconsin,1646400.0,False,168.0
Andrew Goudelock,Houston Rockets,0.0,PG,27.0,6-3,200.0,Charleston,200600.0,False,13.0
James Harden,Houston Rockets,13.0,SG,26.0,6-5,200.0,Arizona State,15756438.0,False,419.0
Montrezl Harrell,Houston Rockets,35.0,PF,22.0,6-8,200.0,Louisville,1000000.0,False,104.5
Dwight Howard,Houston Rockets,12.0,C,30.0,6-11,200.0,,22359364.0,False,443.0
Terrence Jones,Houston Rockets,6.0,PF,24.0,6-9,200.0,Kentucky,2489530.0,False,208.0
K.J. McDaniels,Houston Rockets,32.0,SG,23.0,6-6,200.0,Clemson,3189794.0,False,247.0
Donatas Motiejunas,Houston Rockets,20.0,PF,25.0,7-0,200.0,,2288205.0,False,200.5
Josh Smith,Houston Rockets,5.0,C,30.0,6-9,200.0,,947276.0,False,80.0
Jason Terry,Houston Rockets,31.0,SG,38.0,6-2,185.0,Arizona,947276.0,False,80.0
Jordan Adams,Memphis Grizzlies,3.0,SG,21.0,6-5,200.0,UCLA,1404600.0,False,151.0
Tony Allen,Memphis Grizzlies,9.0,SG,34.0,6-4,200.0,Oklahoma State,5158539.0,False,308.0
Chris Andersen,Memphis Grizzlies,7.0,PF,37.0,6-10,200.0,Blinn College,5000000.0,False,300.0
Matt Barnes,Memphis Grizzlies,22.0,SF,36.0,6-7,200.0,UCLA,3542500.0,False,260.0
Vince Carter,Memphis Grizzlies,15.0,SG,39.0,6-6,200.0,North Carolina,4088019.0,False,279.0
Mike Conley,Memphis Grizzlies,11.0,PG,28.0,6-1,175.0,Ohio State,9588426.0,False,371.0
Bryce Cotton,Memphis Grizzlies,8.0,PG,23.0,6-1,165.0,Providence,700902.0,False,44.0
Jordan Farmar,Memphis Grizzlies,4.0,PG,29.0,6-2,180.0,UCLA,,False,
Marc Gasol,Memphis Grizzlies,33.0,C,31.0,7-1,200.0,,19688000.0,False,433.0
JaMychal Green,Memphis Grizzlies,0.0,PF,25.0,6-9,200.0,Alabama,845059.0,False,53.5
P.J. Hairston,Memphis Grizzlies,19.0,SF,23.0,6-6,200.0,North Carolina,1201440.0,False,134.0
Jarell Martin,Memphis Grizzlies,10.0,PF,22.0,6-10,200.0,LSU,1230840.0,False,136.0
Ray McCallum,Memphis Grizzlies,5.0,PG,24.0,6-3,190.0,Detroit,,False,
Xavier Munford,Memphis Grizzlies,14.0,PG,24.0,6-3,180.0,Rhode Island,,False,
Zach Randolph,Memphis Grizzlies,50.0,PF,34.0,6-9,200.0,Michigan State,9638555.0,False,372.0
Lance Stephenson,Memphis Grizzlies,1.0,SF,25.0,6-5,200.0,Cincinnati,9000000.0,False,367.0
Alex Stepheson,Memphis Grizzlies,35.0,PF,28.0,6-10,200.0,USC,,False,
Brandan Wright,Memphis Grizzlies,34.0,PF,28.0,6-10,200.0,North Carolina,5464000.0,False,314.0
Alexis Ajinca,New Orleans Pelicans,42.0,C,28.0,7-2,200.0,,4389607.0,False,288.0
Ryan Anderson,New Orleans Pelicans,33.0,PF,28.0,6-10,200.0,California,8500000.0,False,364.0
Omer Asik,New Orleans Pelicans,3.0,C,29.0,7-0,200.0,,9213483.0,False,368.0
Luke Babbitt,New Orleans Pelicans,8.0,SF,26.0,6-9,200.0,Nevada,1100602.0,False,117.0
Norris Cole,New Orleans Pelicans,30.0,PG,27.0,6-2,175.0,Cleveland State,3036927.0,False,240.0
Dante Cunningham,New Orleans Pelicans,44.0,PF,29.0,6-8,200.0,Villanova,2850000.0,False,225.0
Anthony Davis,New Orleans Pelicans,23.0,PF,23.0,6-10,200.0,Kentucky,7070730.0,False,344.0
Bryce Dejean-Jones,New Orleans Pelicans,31.0,SG,23.0,6-6,200.0,Iowa State,169883.0,False,10.0
Toney Douglas,New Orleans Pelicans,16.0,PG,30.0,6-2,195.0,Florida State,1164858.0,False,130.0
James Ennis,New Orleans Pelicans,4.0,SF,25.0,6-7,200.0,Long Beach State,845059.0,False,53.5
Tyreke Evans,New Orleans Pelicans,1.0,SG,26.0,6-6,200.0,Memphis,10734586.0,False,381.0
Tim Frazier,New Orleans Pelicans,2.0,PG,25.0,6-1,170.0,Penn State,845059.0,False,53.5
Alonzo Gee,New Orleans Pelicans,15.0,SF,29.0,6-6,200.0,Alabama,1320000.0,False,146.0
Eric Gordon,New Orleans Pelicans,10.0,SG,27.0,6-4,200.0,Indiana,15514031.0,False,417.0
Jordan Hamilton,New Orleans Pelicans,25.0,SG,25.0,6-7,200.0,Texas,1015421.0,False,110.0
Jrue Holiday,New Orleans Pelicans,11.0,PG,25.0,6-4,200.0,UCLA,10595507.0,False,380.0
Orlando Johnson,New Orleans Pelicans,0.0,SG,27.0,6-5,200.0,UC Santa Barbara,55722.0,False,2.5
Kendrick Perkins,New Orleans Pelicans,5.0,C,31.0,6-10,200.0,,947276.0,False,80.0
Quincy Pondexter,New Orleans Pelicans,20.0,SF,28.0,6-7,200.0,Washington,3382023.0,False,253.0
LaMarcus Aldridge,San Antonio Spurs,12.0,PF,30.0,6-11,200.0,Texas,19689000.0,False,435.5
Kyle Anderson,San Antonio Spurs,1.0,SF,22.0,6-9,200.0,UCLA,1142880.0,False,123.0
Matt Bonner,San Antonio Spurs,15.0,C,36.0,6-10,200.0,Florida,947276.0,False,80.0
Boris Diaw,San Antonio Spurs,33.0,C,34.0,6-8,200.0,,7500000.0,False,348.0
Tim Duncan,San Antonio Spurs,21.0,C,40.0,6-11,200.0,Wake Forest,5250000.0,False,312.0
Manu Ginobili,San Antonio Spurs,20.0,SG,38.0,6-6,200.0,,2814000.0,False,220.5
Danny Green,San Antonio Spurs,14.0,SG,28.0,6-6,200.0,North Carolina,10000000.0,False,375.0
Kawhi Leonard,San Antonio Spurs,2.0,SF,24.0,6-7,200.0,San Diego State,16407500.0,False,425.0
Boban Marjanovic,San Antonio Spurs,40.0,C,27.0,7-3,200.0,,1200000.0,False,133.0
Kevin Martin,San Antonio Spurs,23.0,SG,33.0,6-7,199.0,Western Carolina,200600.0,False,13.0
Andre Miller,San Antonio Spurs,24.0,PG,40.0,6-3,200.0,Utah,250750.0,False,19.0
Patty Mills,San Antonio Spurs,8.0,PG,27.0,6-0,185.0,Saint Mary's,3578947.0,False,262.0
Tony Parker,San Antonio Spurs,9.0,PG,34.0,6-2,185.0,,13437500.0,False,402.0
Jonathon Simmons,San Antonio Spurs,17.0,SG,26.0,6-6,195.0,Houston,525093.0,False,32.0
David West,San Antonio Spurs,30.0,PF,35.0,6-9,200.0,Xavier,1499187.0,False,157.0
Kent Bazemore,Atlanta Hawks,24.0,SF,26.0,6-5,200.0,Old Dominion,2000000.0,False,181.0
Tim Hardaway Jr.,Atlanta Hawks,10.0,SG,24.0,6-6,200.0,Michigan,1304520.0,False,145.0
Kirk Hinrich,Atlanta Hawks,12.0,SG,35.0,6-4,190.0,Kansas,2854940.0,False,227.0
Al Horford,Atlanta Hawks,15.0,C,30.0,6-10,200.0,Florida,12000000.0,False,390.0
Kris Humphries,Atlanta Hawks,43.0,PF,31.0,6-9,200.0,Minnesota,1000000.0,False,104.5
Kyle Korver,Atlanta Hawks,26.0,SG,35.0,6-7,200.0,Creighton,5746479.0,False,324.0
Paul Millsap,Atlanta Hawks,4.0,PF,31.0,6-8,200.0,Louisiana Tech,18671659.0,False,431.0
Mike Muscala,Atlanta Hawks,31.0,PF,24.0,6-11,200.0,Bucknell,947276.0,False,80.0
Lamar Patterson,Atlanta Hawks,13.0,SG,24.0,6-5,200.0,Pittsburgh,525093.0,False,32.0
Dennis Schroder,Atlanta Hawks,17.0,PG,22.0,6-1,172.0,,1763400.0,False,174.0
Mike Scott,Atlanta Hawks,32.0,PF,27.0,6-8,200.0,Virginia,3333333.0,False,250.0
Thabo Sefolosha,Atlanta Hawks,25.0,SF,32.0,6-7,200.0,,4000000.0,False,274.0
Tiago Splitter,Atlanta Hawks,11.0,C,31.0,6-11,200.0,,9756250.0,False,374.0
Walter Tavares,Atlanta Hawks,22.0,C,24.0,7-3,200.0,,1000000.0,False,104.5
Jeff Teague,Atlanta Hawks,0.0,PG,27.0,6-2,186.0,Wake Forest,8000000.0,False,354.0
Nicolas Batum,Charlotte Hornets,5.0,SG,27.0,6-8,200.0,,13125306.0,False,400.0
Troy Daniels,Charlotte Hornets,30.0,SG,24.0,6-4,200.0,Virginia Commonwealth,947276.0,False,80.0
Jorge Gutierrez,Charlotte Hornets,12.0,PG,27.0,6-3,189.0,California,189455.0,False,11.0
Tyler Hansbrough,Charlotte Hornets,50.0,PF,30.0,6-9,200.0,North Carolina,947276.0,False,80.0
Aaron Harrison,Charlotte Hornets,9.0,SG,21.0,6-6,200.0,Kentucky,525093.0,False,32.0
Spencer Hawes,Charlotte Hornets,0.0,PF,28.0,7-1,200.0,Washington,6110034.0,False,328.0
Al Jefferson,Charlotte Hornets,25.0,C,31.0,6-10,200.0,,13500000.0,False,404.0
Frank Kaminsky III,Charlotte Hornets,44.0,C,23.0,7-0,200.0,Wisconsin,2612520.0,False,215.0
Michael Kidd-Gilchrist,Charlotte Hornets,14.0,SF,22.0,6-7,200.0,Kentucky,6331404.0,False,332.0
Jeremy Lamb,Charlotte Hornets,3.0,SG,24.0,6-5,185.0,Connecticut,3034356.0,False,239.0
Courtney Lee,Charlotte Hornets,1.0,SG,30.0,6-5,200.0,Western Kentucky,5675000.0,False,320.5
Jeremy Lin,Charlotte Hornets,7.0,PG,27.0,6-3,200.0,Harvard,2139000.0,False,191.0
Kemba Walker,Charlotte Hornets,15.0,PG,26.0,6-1,184.0,Connecticut,12000000.0,False,390.0
Marvin Williams,Charlotte Hornets,2.0,PF,29.0,6-9,200.0,North Carolina,7000000.0,False,341.5
Cody Zeller,Charlotte Hornets,40.0,C,23.0,7-0,200.0,Indiana,4204200.0,False,282.0
Chris Bosh,Miami Heat,1.0,PF,32.0,6-11,200.0,Georgia Tech,22192730.0,False,442.0
Luol Deng,Miami Heat,9.0,SF,31.0,6-9,200.0,Duke,10151612.0,False,377.0
Goran Dragic,Miami Heat,7.0,PG,30.0,6-3,190.0,,14783000.0,False,413.0
Gerald Green,Miami Heat,14.0,SF,30.0,6-7,200.0,,947276.0,False,80.0
Udonis Haslem,Miami Heat,40.0,PF,36.0,6-8,200.0,Florida,2854940.0,False,227.0
Joe Johnson,Miami Heat,2.0,SF,34.0,6-7,200.0,Arkansas,261894.0,False,21.0
Tyler Johnson,Miami Heat,8.0,SG,24.0,6-4,186.0,Fresno State,845059.0,False,53.5
Josh McRoberts,Miami Heat,4.0,PF,29.0,6-10,200.0,Duke,5543725.0,False,318.0
Josh Richardson,Miami Heat,0.0,SG,22.0,6-6,200.0,Tennessee,525093.0,False,32.0
Amar'e Stoudemire,Miami Heat,5.0,PF,33.0,6-10,200.0,,947276.0,False,80.0
Dwyane Wade,Miami Heat,3.0,SG,34.0,6-4,200.0,Marquette,20000000.0,False,438.0
Briante Weber,Miami Heat,12.0,PG,23.0,6-2,165.0,Virginia Commonwealth,,False,
Hassan Whiteside,Miami Heat,21.0,C,26.0,7-0,200.0,Marshall,981348.0,False,99.5
Justise Winslow,Miami Heat,20.0,SF,20.0,6-7,200.0,Duke,2481720.0,False,207.0
Dorell Wright,Miami Heat,11.0,SF,30.0,6-9,200.0,,,False,
Dewayne Dedmon,Orlando Magic,3.0,C,26.0,7-0,200.0,USC,947276.0,False,80.0
Evan Fournier,Orlando Magic,10.0,SG,23.0,6-7,200.0,,2288205.0,False,200.5
Aaron Gordon,Orlando Magic,0.0,PF,20.0,6-9,200.0,Arizona,4171680.0,False,281.0
Mario Hezonja,Orlando Magic,23.0,SG,21.0,6-8,200.0,,3741480.0,False,263.0
Ersan Ilyasova,Orlando Magic,7.0,PF,29.0,6-10,200.0,,7900000.0,False,351.0
Brandon Jennings,Orlando Magic,55.0,PG,26.0,6-1,169.0,,8344497.0,False,362.0
Devyn Marble,Orlando Magic,11.0,SF,23.0,6-6,200.0,Iowa,845059.0,False,53.5
Shabazz Napier,Orlando Magic,13.0,PG,24.0,6-1,175.0,Connecticut,1294440.0,False,143.0
Andrew Nicholson,Orlando Magic,44.0,PF,26.0,6-9,200.0,St. Bonaventure,2380593.0,False,204.0
Victor Oladipo,Orlando Magic,5.0,SG,24.0,6-4,200.0,Indiana,5192520.0,False,309.0
Elfrid Payton,Orlando Magic,4.0,PG,22.0,6-4,185.0,Louisiana-Lafayette,2505720.0,False,212.0
Jason Smith,Orlando Magic,14.0,PF,30.0,7-0,200.0,Colorado State,4300000.0,False,285.0
Nikola Vucevic,Orlando Magic,9.0,C,25.0,7-0,200.0,USC,11250000.0,False,385.0
C.J. Watson,Orlando Magic,32.0,PG,32.0,6-2,175.0,Tennessee,5000000.0,False,300.0
Alan Anderson,Washington Wizards,6.0,SG,33.0,6-6,200.0,Michigan State,4000000.0,False,274.0
Bradley Beal,Washington Wizards,3.0,SG,22.0,6-5,200.0,Florida,5694674.0,False,322.0
Jared Dudley,Washington Wizards,1.0,SF,30.0,6-7,200.0,Boston College,4375000.0,False,287.0
Jarell Eddie,Washington Wizards,8.0,SG,24.0,6-7,200.0,Virginia Tech,561716.0,False,39.0
Drew Gooden,Washington Wizards,90.0,PF,34.0,6-10,200.0,Kansas,3300000.0,False,249.0
Marcin Gortat,Washington Wizards,13.0,C,32.0,6-11,200.0,,11217391.0,False,382.0
JJ Hickson,Washington Wizards,21.0,C,27.0,6-9,200.0,North Carolina State,273038.0,False,22.0
Nene Hilario,Washington Wizards,42.0,C,33.0,6-11,200.0,,13000000.0,False,398.5
Markieff Morris,Washington Wizards,5.0,PF,26.0,6-10,200.0,Kansas,8000000.0,False,354.0
Kelly Oubre Jr.,Washington Wizards,12.0,SF,20.0,6-7,200.0,Kansas,1920240.0,False,178.0
Otto Porter Jr.,Washington Wizards,22.0,SF,23.0,6-8,198.0,Georgetown,4662960.0,False,295.0
Ramon Sessions,Washington Wizards,7.0,PG,30.0,6-3,190.0,Nevada,2170465.0,False,195.5
Garrett Temple,Washington Wizards,17.0,SG,30.0,6-6,195.0,LSU,1100602.0,False,117.0
Marcus Thornton,Washington Wizards,15.0,SF,29.0,6-4,200.0,LSU,200600.0,False,13.0
John Wall,Washington Wizards,2.0,PG,25.0,6-4,195.0,Kentucky,15851950.0,False,420.5
Darrell Arthur,Denver Nuggets,0.0,PF,28.0,6-9,200.0,Kansas,2814000.0,False,220.5
D.J. Augustin,Denver Nuggets,12.0,PG,28.0,6-0,183.0,Texas,3000000.0,False,236.5
Will Barton,Denver Nuggets,5.0,SF,25.0,6-6,175.0,Memphis,3533333.0,False,259.0
Wilson Chandler,Denver Nuggets,21.0,SF,29.0,6-8,200.0,DePaul,10449438.0,False,379.0
Kenneth Faried,Denver Nuggets,35.0,PF,26.0,6-8,200.0,Morehead State,11235955.0,False,383.5
Danilo Gallinari,Denver Nuggets,8.0,SF,27.0,6-10,200.0,,14000000.0,False,409.0
Gary Harris,Denver Nuggets,14.0,SG,21.0,6-4,200.0,Michigan State,1584480.0,False,164.0
Nikola Jokic,Denver Nuggets,15.0,C,21.0,6-10,200.0,,1300000.0,False,144.0
Joffrey Lauvergne,Denver Nuggets,77.0,C,24.0,6-11,200.0,,1709719.0,False,170.0
Mike Miller,Denver Nuggets,3.0,SG,36.0,6-8,200.0,Florida,947276.0,False,80.0
Emmanuel Mudiay,Denver Nuggets,0.0,PG,20.0,6-5,200.0,,3102240.0,False,242.0
Jameer Nelson,Denver Nuggets,1.0,PG,34.0,6-0,190.0,Saint Joseph's,4345000.0,False,286.0
Jusuf Nurkic,Denver Nuggets,23.0,C,21.0,7-0,200.0,,1842000.0,False,176.5
JaKarr Sampson,Denver Nuggets,9.0,SG,23.0,6-9,200.0,St. John's,258489.0,False,20.0
Axel Toupane,Denver Nuggets,6.0,SG,23.0,6-7,200.0,,,False,
Nemanja Bjelica,Minnesota Timberwolves,88.0,PF,28.0,6-10,200.0,,3950001.0,False,270.0
Gorgui Dieng,Minnesota Timberwolves,5.0,C,26.0,6-11,200.0,Louisville,1474440.0,False,156.0
Kevin Garnett,Minnesota Timberwolves,21.0,PF,40.0,6-11,200.0,,8500000.0,False,364.0
Tyus Jones,Minnesota Timberwolves,1.0,PG,20.0,6-2,195.0,Duke,1282080.0,False,142.0
Zach LaVine,Minnesota Timberwolves,8.0,PG,21.0,6-5,189.0,UCLA,2148360.0,False,193.0
Shabazz Muhammad,Minnesota Timberwolves,15.0,SF,23.0,6-6,200.0,UCLA,2056920.0,False,186.0
Adreian Payne,Minnesota Timberwolves,33.0,PF,25.0,6-10,200.0,Michigan State,1938840.0,False,179.0
Nikola Pekovic,Minnesota Timberwolves,14.0,C,30.0,6-11,200.0,,12100000.0,False,393.0
Tayshaun Prince,Minnesota Timberwolves,12.0,SF,36.0,6-9,200.0,Kentucky,947276.0,False,80.0
Ricky Rubio,Minnesota Timberwolves,9.0,PG,25.0,6-4,194.0,,12700000.0,False,397.0
Damjan Rudez,Minnesota Timberwolves,10.0,SF,29.0,6-9,200.0,,1149500.0,False,126.0
Greg Smith,Minnesota Timberwolves,4.0,PF,25.0,6-10,200.0,Fresno State,,False,
Karl-Anthony Towns,Minnesota Timberwolves,32.0,C,20.0,7-0,200.0,Kentucky,5703600.0,False,323.0
Andrew Wiggins,Minnesota Timberwolves,22.0,SG,21.0,6-8,199.0,Kansas,5758680.0,False,325.0
Steven Adams,Oklahoma City Thunder,12.0,C,22.0,7-0,200.0,Pittsburgh,2279040.0,False,199.0
Nick Collison,Oklahoma City Thunder,4.0,PF,35.0,6-10,200.0,Kansas,3750000.0,False,264.5
Kevin Durant,Oklahoma City Thunder,35.0,SF,27.0,6-9,200.0,Texas,20158622.0,False,440.0
Randy Foye,Oklahoma City Thunder,6.0,SG,32.0,6-4,200.0,Villanova,3135000.0,False,245.0
Josh Huestis,Oklahoma City Thunder,34.0,SF,24.0,6-7,200.0,Stanford,1140240.0,False,121.5
Serge Ibaka,Oklahoma City Thunder,9.0,PF,26.0,6-10,200.0,,12250000.0,False,394.0
Enes Kanter,Oklahoma City Thunder,11.0,C,24.0,6-11,200.0,Kentucky,16407500.0,False,425.0
Mitch McGary,Oklahoma City Thunder,33.0,PF,24.0,6-10,200.0,Michigan,1463040.0,False,155.0
Nazr Mohammed,Oklahoma City Thunder,13.0,C,38.0,6-10,200.0,Kentucky,222888.0,False,17.0
Anthony Morrow,Oklahoma City Thunder,2.0,SG,30.0,6-5,200.0,Georgia Tech,3344000.0,False,251.0
Cameron Payne,Oklahoma City Thunder,22.0,PG,21.0,6-3,185.0,Murray State,2021520.0,False,183.0
Andre Roberson,Oklahoma City Thunder,21.0,SG,24.0,6-7,200.0,Colorado,1210800.0,False,135.0
Kyle Singler,Oklahoma City Thunder,5.0,SF,28.0,6-8,200.0,Duke,4500000.0,False,290.5
Dion Waiters,Oklahoma City Thunder,3.0,SG,24.0,6-4,200.0,Syracuse,5138430.0,False,306.0
Russell Westbrook,Oklahoma City Thunder,0.0,PG,27.0,6-3,200.0,UCLA,16744218.0,False,429.0
Cliff Alexander,Portland Trail Blazers,34.0,PF,20.0,6-8,200.0,Kansas,525093.0,False,32.0
Al-Farouq Aminu,Portland Trail Blazers,8.0,SF,25.0,6-9,200.0,Wake Forest,8042895.0,False,357.0
Pat Connaughton,Portland Trail Blazers,5.0,SG,23.0,6-5,200.0,Notre Dame,625093.0,False,41.0
Allen Crabbe,Portland Trail Blazers,23.0,SG,24.0,6-6,200.0,California,947276.0,False,80.0
Ed Davis,Portland Trail Blazers,17.0,C,27.0,6-10,200.0,North Carolina,6980802.0,False,339.0
Maurice Harkless,Portland Trail Blazers,4.0,SF,23.0,6-9,200.0,St. John's,2894059.0,False,231.0
Gerald Henderson,Portland Trail Blazers,9.0,SG,28.0,6-5,200.0,Duke,6000000.0,False,326.0
Chris Kaman,Portland Trail Blazers,35.0,C,34.0,7-0,200.0,Central Michigan,5016000.0,False,304.0
Meyers Leonard,Portland Trail Blazers,11.0,PF,24.0,7-1,200.0,Illinois,3075880.0,False,241.0
Damian Lillard,Portland Trail Blazers,0.0,PG,25.0,6-3,195.0,Weber State,4236287.0,False,283.0
C.J. McCollum,Portland Trail Blazers,3.0,SG,24.0,6-4,200.0,Lehigh,2525160.0,False,213.0
Luis Montero,Portland Trail Blazers,44.0,SG,23.0,6-7,185.0,Westchester CC,525093.0,False,32.0
Mason Plumlee,Portland Trail Blazers,24.0,C,26.0,6-11,200.0,Duke,1415520.0,False,152.0
Brian Roberts,Portland Trail Blazers,2.0,PG,30.0,6-1,173.0,Dayton,2854940.0,False,227.0
Noah Vonleh,Portland Trail Blazers,21.0,PF,20.0,6-9,200.0,Indiana,2637720.0,False,217.0
Trevor Booker,Utah Jazz,33.0,PF,28.0,6-8,200.0,Clemson,4775000.0,False,296.0
Trey Burke,Utah Jazz,3.0,PG,23.0,6-1,191.0,Michigan,2658240.0,False,218.0
Alec Burks,Utah Jazz,10.0,SG,24.0,6-6,200.0,Colorado,9463484.0,False,369.0
Dante Exum,Utah Jazz,11.0,PG,20.0,6-6,190.0,,3777720.0,False,266.0
Derrick Favors,Utah Jazz,15.0,PF,24.0,6-10,200.0,Georgia Tech,12000000.0,False,390.0
Rudy Gobert,Utah Jazz,27.0,C,23.0,7-1,200.0,,1175880.0,False,132.0
Gordon Hayward,Utah Jazz,20.0,SF,26.0,6-8,200.0,Butler,15409570.0,False,415.0
Rodney Hood,Utah Jazz,5.0,SG,23.0,6-8,200.0,Duke,1348440.0,False,148.0
Joe Ingles,Utah Jazz,2.0,SF,28.0,6-8,200.0,,2050000.0,False,185.0
Chris Johnson,Utah Jazz,23.0,SF,26.0,6-6,200.0,Dayton,981348.0,False,99.5
Trey Lyles,Utah Jazz,41.0,PF,20.0,6-10,200.0,Kentucky,2239800.0,False,197.0
Shelvin Mack,Utah Jazz,8.0,PG,26.0,6-3,200.0,Butler,2433333.0,False,206.0
Raul Neto,Utah Jazz,25.0,PG,24.0,6-1,179.0,,900000.0,False,64.0
Tibor Pleiss,Utah Jazz,21.0,C,26.0,7-3,200.0,,2900000.0,False,232.5
Jeff Withey,Utah Jazz,24.0,C,26.0,7-0,200.0,Kansas,947276.0,False,80.0
